Unnamed: 0,Equation Number,eqn,soln,metrics
0,0,"(1 / 2) = x
","(1 / 2) = x
|x = (1 / 2)|x = [1/2]",3
1,2,"((-1) + 2x) = (3x + (-4))
","((-1) + 2x) = (3x + (-4))
|(2x + (-1)) = (3x + (-4))|((2x + (-1)) - (-1)) = ((3x + (-4)) - (-1))|2x = ((3x + (-4)) - (-1))|2x = (3x + ((-4) - (-1)))|-1x = (((-4) - (-1)) + 0)|-1x = (-3)|x = 3",14
2,3,"(-1x + (-2)) = (-3x + (-4))
","(-1x + (-2)) = (-3x + (-4))
|((-1x + (-2)) - (-2)) = ((-3x + (-4)) - (-2))|-1x = ((-3x + (-4)) - (-2))|-1x = (-3x + ((-4) - (-2)))|2x = (((-4) - (-2)) + 0)|2x = (-2)|x = (-1)",13
3,4,"(-1x + 2) = (-3x + 4)
","(-1x + 2) = (-3x + 4)
|((-1x + 2) - 2) = ((-3x + 4) - 2)|-1x = ((-3x + 4) - 2)|-1x = (-3x + (4 - 2))|2x = ((4 - 2) + 0)|2x = 2|x = 1",13
4,5,"(1x - 2) = -3x
","(1x - 2) = -3x
|-3x = (1x - 2)|-3x = (1x + (-2))|-4x = ((-2) + 0)|-4x = (-2)|x = [1/2]",8
5,6,"1x = (((-2) + 3x) + 4)
","1x = (((-2) + 3x) + 4)
|1x = ((3x + (-2)) + 4)|1x = (3x + ((-2) + 4))|-2x = (((-2) + 4) + 0)|-2x = 2|x = (-1)",8
6,9,"(-1x / x) = -2x
","(-1x / x) = -2x
|-2x = (-1x / x)|-2x = ((-1) * (x / x))|-2x = ((-1) * 1)|-2x = (-1)|x = [1/2]",10
7,10,"(-1x + (-2)) = ((-3) + -4x)
","(-1x + (-2)) = ((-3) + -4x)
|((-1x + (-2)) - (-2)) = (((-3) + -4x) - (-2))|-1x = (((-3) + -4x) - (-2))|-1x = ((-4x + (-3)) - (-2))|-1x = (-4x + ((-3) - (-2)))|3x = (((-3) - (-2)) + 0)|3x = (-1)|x = ([-1/3])",15
8,11,"((-1x - 2) + 3x) = (4x + 5x)
","((-1x - 2) + 3x) = (4x + 5x)
|(4x + 5x) = ((-1x - 2) + 3x)|(4x + 5x) = (3x + (-1x - 2))|(4x + 5x) = ((3x + -1x) - 2)|((4 + 5) * x) = ((3x + -1x) - 2)|9x = ((3x + -1x) - 2)|9x = ((3x + -1x) + (-2))|9x = (((3 + (-1)) * x) + (-2))|9x = (2x + (-2))|7x = ((-2) + 0)|7x = (-2)|x = ([-2/7])",24
9,12,"(1x + (-2)) = ((-3) + 4x)
","(1x + (-2)) = ((-3) + 4x)
|((1x + (-2)) - (-2)) = (((-3) + 4x) - (-2))|1x = (((-3) + 4x) - (-2))|1x = ((4x + (-3)) - (-2))|1x = (4x + ((-3) - (-2)))|-3x = (((-3) - (-2)) + 0)|-3x = (-1)|x = [1/3]",15
10,13,"((x - 1) - 2x) = 3x
","((x - 1) - 2x) = 3x
|3x = ((x - 1) - 2x)|3x = ((x - 2x) - 1)|3x = ((x + -2x) - 1)|3x = ((x + -2x) + (-1))|3x = ((-2x + x) + (-1))|3x = (-2x + (x + (-1)))|5x = ((x + (-1)) + 0)|(5x * (-1)) = (((x + (-1)) + 0) * (-1))|((-1) * 5x) = (((x + (-1)) + 0) * (-1))|(((-1) * 5) * x) = (((x + (-1)) + 0) * (-1))|(((-1) * 5) * x) = ((x + ((-1) + 0)) * (-1))|(((-1) * 5) * x) = ((x * (-1)) + (((-1) + 0) * (-1)))|(((-1) * 5) * x) = (-1x + (((-1) + 0) * (-1)))|-5x = (-1x + (((-1) + 0) * (-1)))|-5x = (-1x + 1)|-4x = (1 + 0)|-4x = 1|x = ([-1/4])",31
11,14,"(1x - 2x) = (((3 - 4x) - 5) - 6x)
","(1x - 2x) = (((3 - 4x) - 5) - 6x)
|(1x - 2x) = (((3 - 5) - 4x) - 6x)|((1 - 2) * x) = (((3 - 5) - 4x) - 6x)|((1 - 2) * x) = (((3 - 5) + -4x) - 6x)|-1x = (((3 - 5) + -4x) - 6x)|-1x = (((3 - 5) + -4x) + -6x)|-1x = (-6x + ((3 - 5) + -4x))|-1x = (-6x + (-4x + (3 - 5)))|5x = ((-4x + (3 - 5)) + 0)|5x = (-4x + (3 - 5))|9x = ((3 - 5) + 0)|9x = (-2)|x = ([-2/9])",26
12,17,"(1x + (-2)) = (-3x + 4)
","(1x + (-2)) = (-3x + 4)
|((1x + (-2)) - (-2)) = ((-3x + 4) - (-2))|1x = ((-3x + 4) - (-2))|1x = (-3x + (4 - (-2)))|4x = ((4 - (-2)) + 0)|4x = 6|x = [3/2]",14
13,18,"((-1x + 2) - 3) = -4x
","((-1x + 2) - 3) = -4x
|-4x = ((-1x + 2) - 3)|-4x = (-1x + (2 - 3))|-3x = ((2 - 3) + 0)|-3x = (-1)|x = [1/3]",12
14,19,"(-1) = (2 + 3x)
","(-1) = (2 + 3x)
|(-1) = (3x + 2)|(3x + 2) = (-1)|3x = (-3)|x = (-1)",6
15,20,"(1x + (-2)) = (3 + -4x)
","(1x + (-2)) = (3 + -4x)
|(1x + (-2)) = (-4x + 3)|((1x + (-2)) - (-2)) = ((-4x + 3) - (-2))|1x = ((-4x + 3) - (-2))|1x = (-4x + (3 - (-2)))|5x = ((3 - (-2)) + 0)|5x = 5|x = 1",14
16,21,"((-1) / 2) = x
","((-1) / 2) = x
|x = ((-1) / 2)|x = ([-1/2])",3
17,23,"(1x - 2) = ((-3) - 4x)
","(1x - 2) = ((-3) - 4x)
|(1x - 2) = ((-3) + -4x)|((1x - 2) + 2) = (((-3) + -4x) + 2)|((1x + (-2)) + 2) = (((-3) + -4x) + 2)|1x = (((-3) + -4x) + 2)|1x = ((-4x + (-3)) + 2)|1x = (-4x + ((-3) + 2))|5x = (((-3) + 2) + 0)|5x = (-1)|x = ([-1/5])",17
18,24,"-1x = (2x + 3)
","-1x = (2x + 3)
|-3x = (3 + 0)|-3x = 3|x = (-1)",4
19,25,"(1 + -2x) = (-3x + (-4))
","(1 + -2x) = (-3x + (-4))
|(-2x + 1) = (-3x + (-4))|((-2x + 1) - 1) = ((-3x + (-4)) - 1)|-2x = ((-3x + (-4)) - 1)|-2x = (-3x + ((-4) - 1))|1x = (((-4) - 1) + 0)|1x = (-5)|x = (-5)",14
20,26,"(1 + -2x) = ((-3) + -4x)
","(1 + -2x) = ((-3) + -4x)
|(-2x + 1) = ((-3) + -4x)|((-2x + 1) - 1) = (((-3) + -4x) - 1)|-2x = (((-3) + -4x) - 1)|-2x = ((-4x + (-3)) - 1)|-2x = (-4x + ((-3) - 1))|2x = (((-3) - 1) + 0)|2x = (-4)|x = (-2)",15
21,27,"((-1) + (2 / x)) = 3
","((-1) + (2 / x)) = 3
|(2 / x) = 4|((2 / x) * 2) = (4 * 2)|(2 * (2 / x)) = (4 * 2)|(2 * (2 / x)) = 8|((2 * 2) / x) = 8|(4 / x) = 8|((4 / x) * 8) = (8 * 8)|(8 * (4 / x)) = (8 * 8)|((8 * 4) / x) = (8 * 8)|((4 * 8) / x) = (8 * 8)|(8 * 8) = ((4 * 8) / x)|(8 * 8) = (4 * (8 / x))|((8 * 8) * x) = ((4 * (8 / x)) * x)|((8 * 8) * x) = (x * (4 * (8 / x)))|((8 * 8) * x) = (x * ((4 * 8) / x))|((8 * 8) * x) = (x * ((8 * 4) / x))|((8 * 8) * x) = (x * (8 * (4 / x)))|((8 * 8) * x) = ((x * 8) * (4 / x))|((8 * 8) * x) = (8x * (4 / x))|((8 * 8) * x) = ((8x * 4) / x)|((8 * 8) * x) = ((4 * 8x) / x)|((8 * 8) * x) = (4 * (8x / x))|((8 * 8) * x) = (4 * (8 * (x / x)))|((8 * 8) * x) = (4 * (8 * 1))|64x = (4 * (8 * 1))|64x = (4 * 8)|64x = 32|x = [1/2]",48
22,28,"(-1x + 2x) = (-3)
","(-1x + 2x) = (-3)
|(((-1) + 2) * x) = (-3)|1x = (-3)|x = (-3)",7
23,31,"((-1) + -2x) = (-3x + (-4))
","((-1) + -2x) = (-3x + (-4))
|(-2x + (-1)) = (-3x + (-4))|((-2x + (-1)) - (-1)) = ((-3x + (-4)) - (-1))|-2x = ((-3x + (-4)) - (-1))|-2x = (-3x + ((-4) - (-1)))|1x = (((-4) - (-1)) + 0)|1x = (-3)|x = (-3)",14
24,32,"((-1x + 2) - 3x) = 4
","((-1x + 2) - 3x) = 4
|((-1x + 2) + -3x) = 4|((-3x + (-1x + 2)) - 2) = 2|(-3x + ((-1x + 2) - 2)) = 2|(-3x + -1x) = 2|(((-3) + (-1)) * x) = 2|-4x = 2|x = ([-1/2])",13
25,33,"1 = ((-2) + -3x)
","1 = ((-2) + -3x)
|1 = (-3x + (-2))|(-3x + (-2)) = 1|-3x = 3|x = (-1)",6
26,34,"((-1) - 2x) = (3x - 4)
","((-1) - 2x) = (3x - 4)
|((-1) + -2x) = (3x - 4)|(-2x + (-1)) = (3x - 4)|((-2x + (-1)) - (-1)) = ((3x - 4) - (-1))|-2x = ((3x - 4) - (-1))|-2x = ((3x + (-4)) - (-1))|-2x = (3x + ((-4) - (-1)))|-5x = (((-4) - (-1)) + 0)|-5x = (-3)|x = [3/5]",17
27,35,"((1x - 2) + 3) = ((4x - 5) + 6)
","((1x - 2) + 3) = ((4x - 5) + 6)
|((1x + (-2)) + 3) = ((4x - 5) + 6)|(1x + ((-2) + 3)) = ((4x - 5) + 6)|(1x + 1) = ((4x - 5) + 6)|((1x + 1) - 1) = (((4x - 5) + 6) - 1)|1x = (((4x - 5) + 6) - 1)|1x = (((4x + (-5)) + 6) - 1)|1x = ((4x + ((-5) + 6)) - 1)|1x = (4x + (((-5) + 6) - 1))|1x = (4x + 0)|-3x = (0 + 0)|-3x = 0|x = 0",21
28,36,"1 = ((2 - 3x) - 4x)
","1 = ((2 - 3x) - 4x)
|1 = ((2 + -3x) - 4x)|1 = ((-3x + 2) - 4x)|1 = ((-3x + 2) + -4x)|1 = (-4x + (-3x + 2))|1 = ((-4x + -3x) + 2)|1 = ((((-4) + (-3)) * x) + 2)|1 = (-7x + 2)|(-7x + 2) = 1|-7x = (-1)|x = [1/7]",19
29,37,"((1 + 2) * x) = 3
","((1 + 2) * x) = 3
|3x = 3|x = 1",5
30,39,"x = (-1x + 2)
","x = (-1x + 2)
|(x * 2) = ((-1x + 2) * 2)|(x * 2) = ((-1x * 2) + (2 * 2))|2x = ((-1x * 2) + (2 * 2))|2x = ((2 * -1x) + (2 * 2))|2x = (((2 * (-1)) * x) + (2 * 2))|2x = (-2x + (2 * 2))|4x = ((2 * 2) + 0)|4x = 4|x = 1",19
31,40,"1 = (2x + 3)
","1 = (2x + 3)
|(2x + 3) = 1|2x = (-2)|x = (-1)",5
32,41,"(1 + 2x) = (3x + 4)
","(1 + 2x) = (3x + 4)
|(2x + 1) = (3x + 4)|((2x + 1) - 1) = ((3x + 4) - 1)|2x = ((3x + 4) - 1)|2x = (3x + (4 - 1))|-1x = ((4 - 1) + 0)|-1x = 3|x = (-3)",14
33,43,"((-1) + -2x) = (-3)
","((-1) + -2x) = (-3)
|-2x = (-2)|x = 1",3
34,44,"((-1) + 2x) = (-3x + (-4))
","((-1) + 2x) = (-3x + (-4))
|(2x + (-1)) = (-3x + (-4))|((2x + (-1)) - (-1)) = ((-3x + (-4)) - (-1))|2x = ((-3x + (-4)) - (-1))|2x = (-3x + ((-4) - (-1)))|5x = (((-4) - (-1)) + 0)|5x = (-3)|x = ([-3/5])",15
35,45,"(1x - -2x) = 3
","(1x - -2x) = 3
|((1 - (-2)) * x) = 3|3x = 3|x = 1",7
36,46,"((-1) + 2x) = (3x - 4)
","((-1) + 2x) = (3x - 4)
|(2x + (-1)) = (3x - 4)|((2x + (-1)) - (-1)) = ((3x - 4) - (-1))|((2x + (-1)) - (-1)) = ((3x + (-4)) - (-1))|2x = ((3x + (-4)) - (-1))|2x = (3x + ((-4) - (-1)))|-1x = (((-4) - (-1)) + 0)|-1x = (-3)|x = 3",15
37,48,"(-1x + 2) = (3x + (-4))
","(-1x + 2) = (3x + (-4))
|((-1x + 2) - 2) = ((3x + (-4)) - 2)|-1x = ((3x + (-4)) - 2)|-1x = (3x + ((-4) - 2))|-4x = (((-4) - 2) + 0)|-4x = (-6)|x = [3/2]",14
38,49,"(-1x + 2x) = ((-3) + 4)
","(-1x + 2x) = ((-3) + 4)
|(((-1) + 2) * x) = ((-3) + 4)|1x = ((-3) + 4)|1x = 1|x = 1",9
39,50,"1x = (2 + 3)
","1x = (2 + 3)
|1x = 5|x = 5",3
40,51,"((-1) - 2x) = (3 - 4x)
","((-1) - 2x) = (3 - 4x)
|((-1) - 2x) = (3 + -4x)|((-1) + -2x) = (3 + -4x)|((-1) + -2x) = (-4x + 3)|(-2x + (-1)) = (-4x + 3)|((-2x + (-1)) - (-1)) = ((-4x + 3) - (-1))|-2x = ((-4x + 3) - (-1))|-2x = (-4x + (3 - (-1)))|2x = ((3 - (-1)) + 0)|2x = 4|x = 2",17
41,53,"1 = -2x
","1 = -2x
|-2x = 1|x = ([-1/2])",3
42,54,"((-1) + -2x) = ((-3) + -4x)
","((-1) + -2x) = ((-3) + -4x)
|(-2x + (-1)) = ((-3) + -4x)|((-2x + (-1)) - (-1)) = (((-3) + -4x) - (-1))|-2x = (((-3) + -4x) - (-1))|-2x = ((-4x + (-3)) - (-1))|-2x = (-4x + ((-3) - (-1)))|2x = (((-3) - (-1)) + 0)|2x = (-2)|x = (-1)",15
43,55,"-1x = (-2)
","-1x = (-2)
|x = 2",1
44,56,"((-1) + -2x) = (3 + -4x)
","((-1) + -2x) = (3 + -4x)
|((-1) + -2x) = (-4x + 3)|(-2x + (-1)) = (-4x + 3)|((-2x + (-1)) - (-1)) = ((-4x + 3) - (-1))|-2x = ((-4x + 3) - (-1))|-2x = (-4x + (3 - (-1)))|2x = ((3 - (-1)) + 0)|2x = 4|x = 2",15
45,60,"(1x + 2) = (3 - 4x)
","(1x + 2) = (3 - 4x)
|(1x + 2) = (3 + -4x)|(1x + 2) = (-4x + 3)|((1x + 2) - 2) = ((-4x + 3) - 2)|1x = ((-4x + 3) - 2)|1x = (-4x + (3 - 2))|5x = ((3 - 2) + 0)|5x = 1|x = [1/5]",16
46,61,"(1 + -2x) = 3
","(1 + -2x) = 3
|-2x = 2|x = (-1)",3
47,62,"(((-1) + 2x) + 3x) = ((-4x + (-5)) + 6x)
","(((-1) + 2x) + 3x) = ((-4x + (-5)) + 6x)
|(3x + ((-1) + 2x)) = ((-4x + (-5)) + 6x)|(3x + ((-1) + 2x)) = (((-5) + -4x) + 6x)|(3x + (2x + (-1))) = (((-5) + -4x) + 6x)|((3x + (2x + (-1))) - (-1)) = ((((-5) + -4x) + 6x) - (-1))|((3x + (2x + (-1))) - (-1)) = ((6x + ((-5) + -4x)) - (-1))|(3x + ((2x + (-1)) - (-1))) = ((6x + ((-5) + -4x)) - (-1))|(3x + 2x) = ((6x + ((-5) + -4x)) - (-1))|(2x + 3x) = ((6x + ((-5) + -4x)) - (-1))|((2 + 3) * x) = ((6x + ((-5) + -4x)) - (-1))|((2 + 3) * x) = ((6x + (-4x + (-5))) - (-1))|((2 + 3) * x) = (((6x + -4x) + (-5)) - (-1))|((2 + 3) * x) = ((((6 + (-4)) * x) + (-5)) - (-1))|5x = ((((6 + (-4)) * x) + (-5)) - (-1))|5x = ((2x + (-5)) - (-1))|5x = (2x + ((-5) - (-1)))|3x = (((-5) - (-1)) + 0)|3x = (-4)|x = ([-4/3])",35
48,63,"1x = (2x + 3)
","1x = (2x + 3)
|-1x = (3 + 0)|-1x = 3|x = (-3)",4
49,64,"((-1x - 2) + 3) = 4x
","((-1x - 2) + 3) = 4x
|4x = ((-1x - 2) + 3)|4x = ((-1x + (-2)) + 3)|4x = (-1x + ((-2) + 3))|5x = (((-2) + 3) + 0)|5x = 1|x = [1/5]",13
50,65,"((1 - 2) / 3) = x
","((1 - 2) / 3) = x
|x = ((1 - 2) / 3)|x = ([-1/3])",6
51,68,"(1x + (-2)) = (-3x + (-4))
","(1x + (-2)) = (-3x + (-4))
|((1x + (-2)) - (-2)) = ((-3x + (-4)) - (-2))|1x = ((-3x + (-4)) - (-2))|1x = (-3x + ((-4) - (-2)))|4x = (((-4) - (-2)) + 0)|4x = (-2)|x = ([-1/2])",14
52,69,"(-1x + (-2)) = (-3)
","(-1x + (-2)) = (-3)
|-1x = (-1)|x = 1",3
53,70,"(-1x - 2) = (3 + 4x)
","(-1x - 2) = (3 + 4x)
|(-1x + (-2)) = (3 + 4x)|(-1x + (-2)) = (4x + 3)|(4x + 3) = (-1x + (-2))|((4x + 3) - 3) = ((-1x + (-2)) - 3)|4x = ((-1x + (-2)) - 3)|4x = (-1x + ((-2) - 3))|5x = (((-2) - 3) + 0)|5x = (-5)|x = (-1)",16
54,71,"(-1x + 2) = (-3)
","(-1x + 2) = (-3)
|-1x = (-5)|x = 5",3
55,72,"((-1) + 2x) = 3
","((-1) + 2x) = 3
|2x = 4|x = 2",3
56,73,"(-1x + (-2)) = ((-3) + 4x)
","(-1x + (-2)) = ((-3) + 4x)
|((-1x + (-2)) - (-2)) = (((-3) + 4x) - (-2))|-1x = (((-3) + 4x) - (-2))|-1x = ((4x + (-3)) - (-2))|-1x = (4x + ((-3) - (-2)))|-5x = (((-3) - (-2)) + 0)|-5x = (-1)|x = [1/5]",15
57,74,"(-1x + 2) = ((-3) + 4x)
","(-1x + 2) = ((-3) + 4x)
|(-1x + 2) = (4x + (-3))|((-1x + 2) - 2) = ((4x + (-3)) - 2)|-1x = ((4x + (-3)) - 2)|-1x = (4x + ((-3) - 2))|-5x = (((-3) - 2) + 0)|-5x = (-5)|x = 1",14
58,75,"((-1) + -2x) = (-3x + 4)
","((-1) + -2x) = (-3x + 4)
|(-2x + (-1)) = (-3x + 4)|((-2x + (-1)) - (-1)) = ((-3x + 4) - (-1))|-2x = ((-3x + 4) - (-1))|-2x = (-3x + (4 - (-1)))|1x = ((4 - (-1)) + 0)|1x = 5|x = 5",14
59,76,"((-1) - 2x) = (-3)
","((-1) - 2x) = (-3)
|((-1) + -2x) = (-3)|-2x = (-2)|x = 1",4
60,78,"1x = (((2 - 3x) - 4) + 5x)
","1x = (((2 - 3x) - 4) + 5x)
|1x = (((2 + -3x) - 4) + 5x)|1x = (5x + ((2 + -3x) - 4))|1x = (5x + ((-3x + 2) - 4))|-4x = (((-3x + 2) - 4) + 0)|-4x = ((-3x + 2) - 4)|-4x = (-3x + (2 - 4))|-1x = ((2 - 4) + 0)|-1x = (-2)|x = 2",19
61,80,"(1x + (-2)) = ((-3) + -4x)
","(1x + (-2)) = ((-3) + -4x)
|((1x + (-2)) - (-2)) = (((-3) + -4x) - (-2))|1x = (((-3) + -4x) - (-2))|1x = ((-4x + (-3)) - (-2))|1x = (-4x + ((-3) - (-2)))|5x = (((-3) - (-2)) + 0)|5x = (-1)|x = ([-1/5])",15
62,81,"1x = (-2x - 3)
","1x = (-2x - 3)
|1x = (-2x + (-3))|3x = ((-3) + 0)|3x = (-3)|x = (-1)",5
63,82,"(-1) = x
","(-1) = x
|x = (-1)",1
64,83,"((1 + 2x) + 3x) = ((-4x + (-5)) + 6x)
","((1 + 2x) + 3x) = ((-4x + (-5)) + 6x)
|(3x + (1 + 2x)) = ((-4x + (-5)) + 6x)|(3x + (1 + 2x)) = (((-5) + -4x) + 6x)|(3x + (2x + 1)) = (((-5) + -4x) + 6x)|(3x + (2x + 1)) = (6x + ((-5) + -4x))|((3x + (2x + 1)) - 1) = ((6x + ((-5) + -4x)) - 1)|(3x + ((2x + 1) - 1)) = ((6x + ((-5) + -4x)) - 1)|(3x + 2x) = ((6x + ((-5) + -4x)) - 1)|(2x + 3x) = ((6x + ((-5) + -4x)) - 1)|((2 + 3) * x) = ((6x + ((-5) + -4x)) - 1)|5x = ((6x + ((-5) + -4x)) - 1)|5x = ((6x + (-4x + (-5))) - 1)|5x = (((6x + -4x) + (-5)) - 1)|5x = ((((6 + (-4)) * x) + (-5)) - 1)|5x = ((2x + (-5)) - 1)|5x = (2x + ((-5) - 1))|3x = (((-5) - 1) + 0)|3x = (-6)|x = (-2)",34
65,85,"x = ((1 - 2) / (-3))
","x = ((1 - 2) / (-3))
|x = [1/3]",2
66,86,"(1 + -2x) = ((-3) + 4x)
","(1 + -2x) = ((-3) + 4x)
|(-2x + 1) = ((-3) + 4x)|(-2x + 1) = (4x + (-3))|((-2x + 1) - 1) = ((4x + (-3)) - 1)|-2x = ((4x + (-3)) - 1)|-2x = (4x + ((-3) - 1))|-6x = (((-3) - 1) + 0)|-6x = (-4)|x = [2/3]",16
67,88,"(1 + -2x) = (-3)
","(1 + -2x) = (-3)
|-2x = (-4)|x = 2",3
68,89,"(-1x + 2) = (3 + -4x)
","(-1x + 2) = (3 + -4x)
|(-1x + 2) = (-4x + 3)|((-1x + 2) - 2) = ((-4x + 3) - 2)|-1x = ((-4x + 3) - 2)|-1x = (-4x + (3 - 2))|3x = ((3 - 2) + 0)|3x = 1|x = [1/3]",15
69,90,"1 = (2x + (-3))
","1 = (2x + (-3))
|(2x + (-3)) = 1|2x = 4|x = 2",5
70,92,"(-1x + 2) = (3x + 4)
","(-1x + 2) = (3x + 4)
|((-1x + 2) - 2) = ((3x + 4) - 2)|-1x = ((3x + 4) - 2)|-1x = (3x + (4 - 2))|-4x = ((4 - 2) + 0)|-4x = 2|x = ([-1/2])",14
71,93,"(1x - -2x) = (-3)
","(1x - -2x) = (-3)
|((1 - (-2)) * x) = (-3)|3x = (-3)|x = (-1)",7
72,94,"(-1x + 2) = 3
","(-1x + 2) = 3
|-1x = 1|x = (-1)",3
73,95,"(1 + -2x) = (3 + 4x)
","(1 + -2x) = (3 + 4x)
|(-2x + 1) = (3 + 4x)|(-2x + 1) = (4x + 3)|((-2x + 1) - 1) = ((4x + 3) - 1)|-2x = ((4x + 3) - 1)|-2x = (4x + (3 - 1))|-6x = ((3 - 1) + 0)|-6x = 2|x = ([-1/3])",16
74,96,"(-1) = ((2x + 3x) - 4)
","(-1) = ((2x + 3x) - 4)
|((2x + 3x) - 4) = (-1)|(2x + 3x) = 3|((2 + 3) * x) = 3|5x = 3|x = [3/5]",14
75,97,"((-1x - 2) - 3x) = (-4)
","((-1x - 2) - 3x) = (-4)
|((-1x + (-2)) - 3x) = (-4)|((-1x + (-2)) + -3x) = (-4)|((-3x + (-1x + (-2))) - (-4)) = 0|(-3x + ((-1x + (-2)) - (-4))) = 0|(-3x + (-1x + ((-2) - (-4)))) = 0|((-3x + -1x) + ((-2) - (-4))) = 0|((((-3) + (-1)) * x) + ((-2) - (-4))) = 0|(-4x + ((-2) - (-4))) = 0|(-4x + 2) = 0|-4x = (-2)|x = [1/2]",21
76,98,"-1x = ((-2) - 3)
","-1x = ((-2) - 3)
|-1x = (-5)|x = 5",3
77,100,"x = (((-1) + 2) / 3)
","x = (((-1) + 2) / 3)
|x = [1/3]",2
78,101,"((1 + 2x) - 3) = -4x
","((1 + 2x) - 3) = -4x
|-4x = ((1 + 2x) - 3)|-4x = ((2x + 1) - 3)|-4x = (2x + (1 - 3))|-6x = ((1 - 3) + 0)|-6x = (-2)|x = [1/3]",13
79,102,"-1x = ((2 / x) * x)
","-1x = ((2 / x) * x)
|-1x = (x * (2 / x))|(x * (2 / x)) = -1x|((x * (2 / x)) * (-1)) = (-1x * (-1))|(x * ((2 / x) * (-1))) = (-1x * (-1))|(x * ((2 / x) * (-1))) = ((-1) * -1x)|(x * ((2 / x) * (-1))) = (((-1) * (-1)) * x)|((x * (2 / x)) * (-1)) = (((-1) * (-1)) * x)|(((-1) * (-1)) * x) = ((x * (2 / x)) * (-1))|(((-1) * (-1)) * x) = ((-1) * (x * (2 / x)))|(((-1) * (-1)) * x) = (-1x * (2 / x))|(((-1) * (-1)) * x) = ((-1x * 2) / x)|(((-1) * (-1)) * x) = ((2 * -1x) / x)|(((-1) * (-1)) * x) = (((2 * (-1)) * x) / x)|(((-1) * (-1)) * x) = ((2 * (-1)) * (x / x))|(((-1) * (-1)) * x) = ((2 * (-1)) * 1)|1x = ((2 * (-1)) * 1)|1x = (-2)|x = (-2)",39
80,103,"((-1) - 2) = (3x - 4x)
","((-1) - 2) = (3x - 4x)
|((-1) - 2) = ((3 - 4) * x)|((3 - 4) * x) = ((-1) - 2)|-1x = ((-1) - 2)|-1x = (-3)|x = 3",11
81,105,"1x = 2
","1x = 2
|x = 2",1
82,106,"(1 - 2) = 3x
","(1 - 2) = 3x
|3x = (1 - 2)|3x = (-1)|x = ([-1/3])",6
83,107,"(1x + 2) = ((-3) + 4x)
","(1x + 2) = ((-3) + 4x)
|(1x + 2) = (4x + (-3))|((1x + 2) - 2) = ((4x + (-3)) - 2)|1x = ((4x + (-3)) - 2)|1x = (4x + ((-3) - 2))|-3x = (((-3) - 2) + 0)|-3x = (-5)|x = [5/3]",15
84,108,"(-1x + 2) = ((-3) + -4x)
","(-1x + 2) = ((-3) + -4x)
|((-1x + 2) - 2) = (((-3) + -4x) - 2)|((-1x + 2) - 2) = ((-4x + (-3)) - 2)|-1x = ((-4x + (-3)) - 2)|-1x = (-4x + ((-3) - 2))|3x = (((-3) - 2) + 0)|3x = (-5)|x = ([-5/3])",15
85,109,"((-1) + 2) = 3x
","((-1) + 2) = 3x
|3x = ((-1) + 2)|3x = 1|x = [1/3]",6
86,110,"((-1) + -2x) = (3 + 4x)
","((-1) + -2x) = (3 + 4x)
|(-2x + (-1)) = (3 + 4x)|(-2x + (-1)) = (4x + 3)|((-2x + (-1)) - (-1)) = ((4x + 3) - (-1))|-2x = ((4x + 3) - (-1))|-2x = (4x + (3 - (-1)))|-6x = ((3 - (-1)) + 0)|-6x = 4|x = ([-2/3])",16
87,111,"-1x = (2 + 3)
","-1x = (2 + 3)
|-1x = 5|x = (-5)",3
88,112,"((-1) + 2x) = ((-3) + 4x)
","((-1) + 2x) = ((-3) + 4x)
|(2x + (-1)) = ((-3) + 4x)|((2x + (-1)) - (-1)) = (((-3) + 4x) - (-1))|((2x + (-1)) - (-1)) = ((4x + (-3)) - (-1))|2x = ((4x + (-3)) - (-1))|2x = (4x + ((-3) - (-1)))|-2x = (((-3) - (-1)) + 0)|-2x = (-2)|x = 1",15
89,113,"(1 + 2x) = 3
","(1 + 2x) = 3
|2x = 2|x = 1",3
90,115,"((-1) + 2x) = (-3)
","((-1) + 2x) = (-3)
|2x = (-2)|x = (-1)",3
91,116,"(1 + 2x) = (-3x + 4)
","(1 + 2x) = (-3x + 4)
|(2x + 1) = (-3x + 4)|((2x + 1) - 1) = ((-3x + 4) - 1)|2x = ((-3x + 4) - 1)|2x = (-3x + (4 - 1))|5x = ((4 - 1) + 0)|5x = 3|x = [3/5]",15
92,118,"-1x = ((-2) + x)
","-1x = ((-2) + x)
|-1x = (x + (-2))|(x + (-2)) = -1x|((x + (-2)) - (-2)) = (-1x - (-2))|x = (-1x - (-2))|x = (-1x + 2)|(x * 2) = ((-1x + 2) * 2)|(x * 2) = ((-1x * 2) + (2 * 2))|2x = ((-1x * 2) + (2 * 2))|2x = ((2 * -1x) + (2 * 2))|2x = (((2 * (-1)) * x) + (2 * 2))|2x = (-2x + (2 * 2))|4x = ((2 * 2) + 0)|4x = 4|x = 1",29
93,119,"(-1x + 2) = 3x
","(-1x + 2) = 3x
|3x = (-1x + 2)|4x = (2 + 0)|4x = 2|x = [1/2]",7
94,120,"1 = (2 + 3x)
","1 = (2 + 3x)
|1 = (3x + 2)|(3x + 2) = 1|3x = (-1)|x = ([-1/3])",7
95,121,"(1x - 2) = ((-3) + 4x)
","(1x - 2) = ((-3) + 4x)
|((1x - 2) + 2) = (((-3) + 4x) + 2)|((1x + (-2)) + 2) = (((-3) + 4x) + 2)|1x = (((-3) + 4x) + 2)|1x = ((4x + (-3)) + 2)|1x = (4x + ((-3) + 2))|-3x = (((-3) + 2) + 0)|-3x = (-1)|x = [1/3]",16
96,122,"-1x = (((-2) + 3x) + 4)
","-1x = (((-2) + 3x) + 4)
|-1x = ((3x + (-2)) + 4)|-1x = (3x + ((-2) + 4))|-4x = (((-2) + 4) + 0)|-4x = 2|x = ([-1/2])",9
97,123,"(-1) = ((-2) + 3x)
","(-1) = ((-2) + 3x)
|(-1) = (3x + (-2))|(3x + (-2)) = (-1)|3x = 1|x = [1/3]",7
98,124,"(1x + 2) = (-3)
","(1x + 2) = (-3)
|x = (-5)",2
99,126,"(1x + 2) = (-3x + (-4))
","(1x + 2) = (-3x + (-4))
|((1x + 2) - 2) = ((-3x + (-4)) - 2)|1x = ((-3x + (-4)) - 2)|1x = (-3x + ((-4) - 2))|4x = (((-4) - 2) + 0)|4x = (-6)|x = ([-3/2])",14
100,128,"(-1x + 2) = (3 + 4x)
","(-1x + 2) = (3 + 4x)
|(-1x + 2) = (4x + 3)|((-1x + 2) - 2) = ((4x + 3) - 2)|-1x = ((4x + 3) - 2)|-1x = (4x + (3 - 2))|-5x = ((3 - 2) + 0)|-5x = 1|x = ([-1/5])",15
101,129,"1 = (2x - 3x)
","1 = (2x - 3x)
|1 = ((2 - 3) * x)|((2 - 3) * x) = 1|-1x = 1|x = (-1)",11
102,131,"(1 - 2x) = -3x
","(1 - 2x) = -3x
|-3x = (1 - 2x)|-3x = (1 + -2x)|-3x = (-2x + 1)|-1x = (1 + 0)|-1x = 1|x = (-1)",8
103,133,"x = ((1 + 2) / 3)
","x = ((1 + 2) / 3)
|x = 1",4
104,134,"(-1) = ((-2) + -3x)
","(-1) = ((-2) + -3x)
|((-2) + -3x) = (-1)|-3x = 1|x = ([-1/3])",6
105,135,"(1 + (2 / x)) = 3
","(1 + (2 / x)) = 3
|(2 / x) = 2|((2 / x) * 2) = (2 * 2)|(2 * (2 / x)) = (2 * 2)|(2 * 2) = (2 * (2 / x))|(2 * 2) = ((2 * 2) / x)|((2 * 2) * x) = (((2 * 2) / x) * x)|((2 * 2) * x) = (x * ((2 * 2) / x))|(x * ((2 * 2) / x)) = ((2 * 2) * x)|(x * (2 * (2 / x))) = ((2 * 2) * x)|((x * 2) * (2 / x)) = ((2 * 2) * x)|(2x * (2 / x)) = ((2 * 2) * x)|((2 * 2) * x) = (2x * (2 / x))|4x = (2x * (2 / x))|4x = ((x * 2) * (2 / x))|4x = (((x * 2) * 2) / x)|4x = ((x * (2 * 2)) / x)|4x = (((2 * 2) * x) / x)|4x = ((2 * 2) * (x / x))|4x = ((2 * 2) * 1)|4x = 4|x = 1",40
106,136,"((-1) + 2x) = (3 + 4x)
","((-1) + 2x) = (3 + 4x)
|(2x + (-1)) = (3 + 4x)|(2x + (-1)) = (4x + 3)|((2x + (-1)) - (-1)) = ((4x + 3) - (-1))|2x = ((4x + 3) - (-1))|2x = (4x + (3 - (-1)))|-2x = ((3 - (-1)) + 0)|-2x = 4|x = (-2)",15
107,137,"((1 + 2x) + 3) = 4x
","((1 + 2x) + 3) = 4x
|4x = ((1 + 2x) + 3)|4x = ((2x + 1) + 3)|4x = (2x + (1 + 3))|2x = ((1 + 3) + 0)|2x = 4|x = 2",12
108,138,"(1 + 2x) = (3 + 4x)
","(1 + 2x) = (3 + 4x)
|(2x + 1) = (3 + 4x)|(2x + 1) = (4x + 3)|((2x + 1) - 1) = ((4x + 3) - 1)|2x = ((4x + 3) - 1)|2x = (4x + (3 - 1))|-2x = ((3 - 1) + 0)|-2x = 2|x = (-1)",15
109,139,"1x = ((-2) - 3x)
","1x = ((-2) - 3x)
|1x = ((-2) + -3x)|1x = (-3x + (-2))|4x = ((-2) + 0)|4x = (-2)|x = ([-1/2])",7
110,140,"(1x + 2) = (3x + 4)
","(1x + 2) = (3x + 4)
|((1x + 2) - 2) = ((3x + 4) - 2)|1x = ((3x + 4) - 2)|1x = (3x + (4 - 2))|-2x = ((4 - 2) + 0)|-2x = 2|x = (-1)",13
111,141,"(((-1) - 2x) + 3) = -4x
","(((-1) - 2x) + 3) = -4x
|-4x = (((-1) - 2x) + 3)|-4x = (((-1) + -2x) + 3)|-4x = ((-2x + (-1)) + 3)|-4x = (-2x + ((-1) + 3))|-2x = (((-1) + 3) + 0)|-2x = 2|x = (-1)",13
112,142,"((-1x + 2) - 3x) = (((-4) + 5x) - 6x)
","((-1x + 2) - 3x) = (((-4) + 5x) - 6x)
|((-1x + 2) - 3x) = ((5x + (-4)) - 6x)|((-1x + 2) + -3x) = ((5x + (-4)) - 6x)|(-3x + (-1x + 2)) = ((5x + (-4)) - 6x)|((-3x + -1x) + 2) = ((5x + (-4)) - 6x)|((5x + (-4)) - 6x) = ((-3x + -1x) + 2)|((5x + (-4)) + -6x) = ((-3x + -1x) + 2)|(5x + ((-4) + -6x)) = ((-3x + -1x) + 2)|(5x + (-6x + (-4))) = ((-3x + -1x) + 2)|((5x + (-6x + (-4))) - (-4)) = (((-3x + -1x) + 2) - (-4))|(5x + ((-6x + (-4)) - (-4))) = (((-3x + -1x) + 2) - (-4))|(5x + -6x) = (((-3x + -1x) + 2) - (-4))|((5 + (-6)) * x) = (((-3x + -1x) + 2) - (-4))|-1x = (((-3x + -1x) + 2) - (-4))|-1x = (((((-3) + (-1)) * x) + 2) - (-4))|-1x = ((-4x + 2) - (-4))|-1x = (-4x + (2 - (-4)))|3x = ((2 - (-4)) + 0)|3x = 6|x = 2",35
113,143,"(1x + 2) = ((-3) + -4x)
","(1x + 2) = ((-3) + -4x)
|(1x + 2) = (-4x + (-3))|((1x + 2) - 2) = ((-4x + (-3)) - 2)|1x = ((-4x + (-3)) - 2)|1x = (-4x + ((-3) - 2))|5x = (((-3) - 2) + 0)|5x = (-5)|x = (-1)",14
114,144,"((-1) + 2x) = ((-3) + -4x)
","((-1) + 2x) = ((-3) + -4x)
|(2x + (-1)) = ((-3) + -4x)|((2x + (-1)) - (-1)) = (((-3) + -4x) - (-1))|2x = (((-3) + -4x) - (-1))|2x = ((-4x + (-3)) - (-1))|2x = (-4x + ((-3) - (-1)))|6x = (((-3) - (-1)) + 0)|6x = (-2)|x = ([-1/3])",16
115,147,"((-1) - 2x) = -3x
","((-1) - 2x) = -3x
|-3x = ((-1) - 2x)|-3x = ((-1) + -2x)|-3x = (-2x + (-1))|-1x = ((-1) + 0)|-1x = (-1)|x = 1",8
116,148,"(1x + 2) = (-3x + 4)
","(1x + 2) = (-3x + 4)
|((1x + 2) - 2) = ((-3x + 4) - 2)|1x = ((-3x + 4) - 2)|1x = (-3x + (4 - 2))|4x = ((4 - 2) + 0)|4x = 2|x = [1/2]",14
117,150,"((1 + 2x) - 3) = 4x
","((1 + 2x) - 3) = 4x
|4x = ((1 + 2x) - 3)|4x = ((2x + 1) - 3)|4x = (2x + (1 - 3))|2x = ((1 - 3) + 0)|2x = (-2)|x = (-1)",12
118,151,"((-1) + -2x) = (3x + (-4))
","((-1) + -2x) = (3x + (-4))
|(-2x + (-1)) = (3x + (-4))|((-2x + (-1)) - (-1)) = ((3x + (-4)) - (-1))|-2x = ((3x + (-4)) - (-1))|-2x = (3x + ((-4) - (-1)))|-5x = (((-4) - (-1)) + 0)|-5x = (-3)|x = [3/5]",15
119,152,"(((-1) + 2x) + 3x) = ((4 + -5x) + 6x)
","(((-1) + 2x) + 3x) = ((4 + -5x) + 6x)
|(3x + ((-1) + 2x)) = ((4 + -5x) + 6x)|(3x + ((-1) + 2x)) = (6x + (4 + -5x))|(3x + (2x + (-1))) = (6x + (4 + -5x))|((3x + (2x + (-1))) - (-1)) = ((6x + (4 + -5x)) - (-1))|(3x + ((2x + (-1)) - (-1))) = ((6x + (4 + -5x)) - (-1))|(3x + 2x) = ((6x + (4 + -5x)) - (-1))|((3 + 2) * x) = ((6x + (4 + -5x)) - (-1))|5x = ((6x + (4 + -5x)) - (-1))|5x = (6x + ((4 + -5x) - (-1)))|-1x = (((4 + -5x) - (-1)) + 0)|-1x = (((-5x + 4) - (-1)) + 0)|-1x = ((-5x + (4 - (-1))) + 0)|-1x = (-5x + (4 - (-1)))|4x = ((4 - (-1)) + 0)|4x = 5|x = [5/4]",33
120,153,"-1x = ((-2) + 3)
","-1x = ((-2) + 3)
|-1x = 1|x = (-1)",3
121,155,"(-1) = (-2x + 3)
","(-1) = (-2x + 3)
|(-2x + 3) = (-1)|-2x = (-4)|x = 2",5
122,156,"(1 + 2x) = ((-3) + 4x)
","(1 + 2x) = ((-3) + 4x)
|(2x + 1) = ((-3) + 4x)|(2x + 1) = (4x + (-3))|((2x + 1) - 1) = ((4x + (-3)) - 1)|2x = ((4x + (-3)) - 1)|2x = (4x + ((-3) - 1))|-2x = (((-3) - 1) + 0)|-2x = (-4)|x = 2",15
123,157,"(1 + 2x) = (3 + -4x)
","(1 + 2x) = (3 + -4x)
|(2x + 1) = (3 + -4x)|(2x + 1) = (-4x + 3)|((2x + 1) - 1) = ((-4x + 3) - 1)|2x = ((-4x + 3) - 1)|2x = (-4x + (3 - 1))|6x = ((3 - 1) + 0)|6x = 2|x = [1/3]",16
124,159,"-1x = (2x - 3)
","-1x = (2x - 3)
|-1x = (2x + (-3))|-3x = ((-3) + 0)|-3x = (-3)|x = 1",5
125,160,"((1 + -2x) + 3x) = ((-4x + 5) + 6x)
","((1 + -2x) + 3x) = ((-4x + 5) + 6x)
|(3x + (1 + -2x)) = ((-4x + 5) + 6x)|(3x + (-2x + 1)) = ((-4x + 5) + 6x)|(3x + (-2x + 1)) = (6x + (-4x + 5))|(3x + (-2x + 1)) = ((6x + -4x) + 5)|(3x + (-2x + 1)) = (((6 + (-4)) * x) + 5)|((3x + (-2x + 1)) - 1) = ((((6 + (-4)) * x) + 5) - 1)|(3x + ((-2x + 1) - 1)) = ((((6 + (-4)) * x) + 5) - 1)|(3x + -2x) = ((((6 + (-4)) * x) + 5) - 1)|((3 + (-2)) * x) = ((((6 + (-4)) * x) + 5) - 1)|1x = ((((6 + (-4)) * x) + 5) - 1)|1x = ((2x + 5) - 1)|1x = (2x + (5 - 1))|-1x = ((5 - 1) + 0)|-1x = 4|x = (-4)",31
126,161,"((-1) + -2x) = (3x + 4)
","((-1) + -2x) = (3x + 4)
|(-2x + (-1)) = (3x + 4)|((-2x + (-1)) - (-1)) = ((3x + 4) - (-1))|-2x = ((3x + 4) - (-1))|-2x = (3x + (4 - (-1)))|-5x = ((4 - (-1)) + 0)|-5x = 5|x = (-1)",14
127,162,"(1x + (-2)) = (3x + (-4))
","(1x + (-2)) = (3x + (-4))
|((1x + (-2)) - (-2)) = ((3x + (-4)) - (-2))|1x = ((3x + (-4)) - (-2))|1x = (3x + ((-4) - (-2)))|-2x = (((-4) - (-2)) + 0)|-2x = (-2)|x = 1",13
128,165,"(-1x - 2) = (3 - 4x)
","(-1x - 2) = (3 - 4x)
|(-1x - 2) = (3 + -4x)|((-1x - 2) + 2) = ((3 + -4x) + 2)|((-1x + (-2)) + 2) = ((3 + -4x) + 2)|-1x = ((3 + -4x) + 2)|-1x = ((-4x + 3) + 2)|-1x = (-4x + (3 + 2))|3x = ((3 + 2) + 0)|3x = 5|x = [5/3]",17
129,166,"-1x = ((2 + -3x) - 4)
","-1x = ((2 + -3x) - 4)
|-1x = ((-3x + 2) - 4)|-1x = (-3x + (2 - 4))|2x = ((2 - 4) + 0)|2x = (-2)|x = (-1)",8
130,167,"1 = (-2x + (-3))
","1 = (-2x + (-3))
|(-2x + (-3)) = 1|-2x = 4|x = (-2)",5
131,168,"(1 - 2) = (-3x - 4x)
","(1 - 2) = (-3x - 4x)
|(1 - 2) = (((-3) - 4) * x)|(((-3) - 4) * x) = (1 - 2)|-7x = (1 - 2)|-7x = (-1)|x = [1/7]",12
132,169,"((-1) - 2) = -3x
","((-1) - 2) = -3x
|-3x = ((-1) - 2)|-3x = (-3)|x = 1",5
133,170,"1 = (-2x + 3)
","1 = (-2x + 3)
|(-2x + 3) = 1|-2x = (-2)|x = 1",5
134,172,"(-1) = (2x + 3)
","(-1) = (2x + 3)
|(2x + 3) = (-1)|2x = (-4)|x = (-2)",5
135,173,"1 = 2x
","1 = 2x
|2x = 1|x = [1/2]",3
136,174,"(1 - 2) = -3x
","(1 - 2) = -3x
|-3x = (1 - 2)|-3x = (-1)|x = [1/3]",6
137,175,"(1 + 2x) = -3x
","(1 + 2x) = -3x
|-3x = (1 + 2x)|-3x = (2x + 1)|-5x = (1 + 0)|-5x = 1|x = ([-1/5])",8
138,176,"(1x - 2) = 3x
","(1x - 2) = 3x
|3x = (1x - 2)|3x = (1x + (-2))|2x = ((-2) + 0)|2x = (-2)|x = (-1)",7
139,177,"(1x / x) = 2x
","(1x / x) = 2x
|((1x / x) * 1) = (2x * 1)|((1x / x) * 1) = (1 * 2x)|(1x / x) = (1 * 2x)|(x / x) = (1 * 2x)|1 = (1 * 2x)|(1 * 2x) = 1|2x = 1|x = [1/2]",14
140,178,"(-1x + (-2)) = (3x + 4)
","(-1x + (-2)) = (3x + 4)
|((-1x + (-2)) - (-2)) = ((3x + 4) - (-2))|-1x = ((3x + 4) - (-2))|-1x = (3x + (4 - (-2)))|-4x = ((4 - (-2)) + 0)|-4x = 6|x = ([-3/2])",14
141,179,"((1x - 2) + 3) = 4x
","((1x - 2) + 3) = 4x
|4x = ((1x - 2) + 3)|4x = ((1x + (-2)) + 3)|4x = (1x + ((-2) + 3))|3x = (((-2) + 3) + 0)|3x = 1|x = [1/3]",13
142,180,"(-1) = ((2x + 3) + 4x)
","(-1) = ((2x + 3) + 4x)
|(-1) = (2x + (3 + 4x))|(-1) = (2x + (4x + 3))|(-1) = ((2x + 4x) + 3)|(-1) = (((2 + 4) * x) + 3)|(-1) = (6x + 3)|(6x + 3) = (-1)|6x = (-4)|x = ([-2/3])",17
143,181,"(1x + 2) = (3x + (-4))
","(1x + 2) = (3x + (-4))
|((1x + 2) - 2) = ((3x + (-4)) - 2)|1x = ((3x + (-4)) - 2)|1x = (3x + ((-4) - 2))|-2x = (((-4) - 2) + 0)|-2x = (-6)|x = 3",13
144,182,"(1 + -2x) = (3x + 4)
","(1 + -2x) = (3x + 4)
|(-2x + 1) = (3x + 4)|((-2x + 1) - 1) = ((3x + 4) - 1)|-2x = ((3x + 4) - 1)|-2x = (3x + (4 - 1))|-5x = ((4 - 1) + 0)|-5x = 3|x = ([-3/5])",15
145,183,"(((-1) + 2x) + 3) = ((4 + 5x) + 6)
","(((-1) + 2x) + 3) = ((4 + 5x) + 6)
|((2x + (-1)) + 3) = ((4 + 5x) + 6)|(2x + ((-1) + 3)) = ((4 + 5x) + 6)|(2x + 2) = ((4 + 5x) + 6)|(2x + 2) = ((5x + 4) + 6)|((2x + 2) - 2) = (((5x + 4) + 6) - 2)|2x = (((5x + 4) + 6) - 2)|2x = ((5x + (4 + 6)) - 2)|2x = (5x + ((4 + 6) - 2))|2x = (5x + 8)|-3x = (8 + 0)|-3x = 8|x = ([-8/3])",22
146,185,"1x = (-2)
","1x = (-2)
|x = (-2)",1
147,186,"((-1x + (-2)) - 3) = 4x
","((-1x + (-2)) - 3) = 4x
|4x = ((-1x + (-2)) - 3)|4x = (-1x + ((-2) - 3))|5x = (((-2) - 3) + 0)|5x = (-5)|x = (-1)",11
148,187,"1x = (2 - 3)
","1x = (2 - 3)
|1x = (-1)|x = (-1)",3
149,188,"((-1) + -2x) = ((-3) + 4x)
","((-1) + -2x) = ((-3) + 4x)
|(-2x + (-1)) = ((-3) + 4x)|((-2x + (-1)) - (-1)) = (((-3) + 4x) - (-1))|((-2x + (-1)) - (-1)) = ((4x + (-3)) - (-1))|-2x = ((4x + (-3)) - (-1))|-2x = (4x + ((-3) - (-1)))|-6x = (((-3) - (-1)) + 0)|-6x = (-2)|x = [1/3]",16
150,189,"(-1) = (-2x + (-3))
","(-1) = (-2x + (-3))
|(-2x + (-3)) = (-1)|-2x = 2|x = (-1)",5
151,190,"(-1x + (-2)) = 3
","(-1x + (-2)) = 3
|-1x = 5|x = (-5)",3
152,191,"(1x + 2) = (3 + 4x)
","(1x + 2) = (3 + 4x)
|(1x + 2) = (4x + 3)|((1x + 2) - 2) = ((4x + 3) - 2)|1x = ((4x + 3) - 2)|1x = (4x + (3 - 2))|-3x = ((3 - 2) + 0)|-3x = 1|x = ([-1/3])",15
153,192,"((1x + 2) + 3x) = 4
","((1x + 2) + 3x) = 4
|((3x + (1x + 2)) - 2) = 2|(((3x + 1x) + 2) - 2) = 2|(3x + 1x) = 2|((3 + 1) * x) = 2|4x = 2|x = [1/2]",15
154,193,"(-1x + 2) = (-3x - 4)
","(-1x + 2) = (-3x - 4)
|((-1x + 2) - 2) = ((-3x - 4) - 2)|((-1x + 2) - 2) = ((-3x + (-4)) - 2)|-1x = ((-3x + (-4)) - 2)|-1x = (-3x + ((-4) - 2))|2x = (((-4) - 2) + 0)|2x = (-6)|x = (-3)",14
155,194,"1 = ((-2x + 3) + 4x)
","1 = ((-2x + 3) + 4x)
|1 = (4x + (-2x + 3))|1 = ((4x + -2x) + 3)|1 = (((4 + (-2)) * x) + 3)|1 = (2x + 3)|(2x + 3) = 1|2x = (-2)|x = (-1)",15
156,195,"(1 + -2x) = (-3x + 4)
","(1 + -2x) = (-3x + 4)
|(-2x + 1) = (-3x + 4)|((-2x + 1) - 1) = ((-3x + 4) - 1)|-2x = ((-3x + 4) - 1)|-2x = (-3x + (4 - 1))|1x = ((4 - 1) + 0)|1x = 3|x = 3",14
157,196,"-1x = (2 - 3)
","-1x = (2 - 3)
|-1x = (-1)|x = 1",3
158,200,"(1 + 2x) = (-3x + (-4))
","(1 + 2x) = (-3x + (-4))
|(2x + 1) = (-3x + (-4))|((2x + 1) - 1) = ((-3x + (-4)) - 1)|2x = ((-3x + (-4)) - 1)|2x = (-3x + ((-4) - 1))|5x = (((-4) - 1) + 0)|5x = (-5)|x = (-1)",14
159,201,"(-1) = (2x - 3)
","(-1) = (2x - 3)
|(-1) = (2x + (-3))|(2x + (-3)) = (-1)|2x = 2|x = 1",6
160,202,"-1x = ((-2x + 3) + 4)
","-1x = ((-2x + 3) + 4)
|-1x = (-2x + (3 + 4))|1x = ((3 + 4) + 0)|1x = 7|x = 7",7
161,203,"((1 - 2x) - 3) = ((4 + 5x) - 6)
","((1 - 2x) - 3) = ((4 + 5x) - 6)
|((1 + -2x) - 3) = ((4 + 5x) - 6)|((-2x + 1) - 3) = ((4 + 5x) - 6)|((-2x + 1) - 3) = ((5x + 4) - 6)|(((-2x + 1) - 3) - 4) = (((5x + 4) - 6) - 4)|(((-2x + 1) - 3) - 4) = (((5x + 4) - 4) - 6)|(((-2x + 1) - 3) - 4) = ((5x + (4 - 4)) - 6)|(((-2x + 1) - 3) - 4) = ((5x + 0) - 6)|(((-2x + 1) - 3) - 4) = (5x + (0 - 6))|(5x + (0 - 6)) = (((-2x + 1) - 3) - 4)|(5x + (-6)) = (((-2x + 1) - 3) - 4)|((5x + (-6)) - (-6)) = ((((-2x + 1) - 3) - 4) - (-6))|5x = ((((-2x + 1) - 3) - 4) - (-6))|5x = (((-2x + (1 - 3)) - 4) - (-6))|5x = ((-2x + ((1 - 3) - 4)) - (-6))|5x = (-2x + (((1 - 3) - 4) - (-6)))|5x = (-2x + ((-6) - (-6)))|7x = (((-6) - (-6)) + 0)|7x = 0|x = 0",35
162,204,"(1x + (-2)) = (3 + 4x)
","(1x + (-2)) = (3 + 4x)
|(1x + (-2)) = (4x + 3)|((1x + (-2)) - (-2)) = ((4x + 3) - (-2))|1x = ((4x + 3) - (-2))|1x = (4x + (3 - (-2)))|-3x = ((3 - (-2)) + 0)|-3x = 5|x = ([-5/3])",15
163,205,"(((-1) + 2x) + 3) = (4 + 5)
","(((-1) + 2x) + 3) = (4 + 5)
|((2x + (-1)) + 3) = (4 + 5)|(2x + ((-1) + 3)) = (4 + 5)|(2x + ((-1) + 3)) = 9|(2x + 2) = 9|2x = 7|x = [7/2]",10
164,206,"((-1x + 2) + 3x) = (((-4) - 5x) + 6x)
","((-1x + 2) + 3x) = (((-4) - 5x) + 6x)
|((-1x + 2) + 3x) = (((-4) + -5x) + 6x)|((-1x + 2) + 3x) = (6x + ((-4) + -5x))|(3x + (-1x + 2)) = (6x + ((-4) + -5x))|(3x + (2 + -1x)) = (6x + ((-4) + -5x))|(3x + (2 + -1x)) = (6x + (-5x + (-4)))|(3x + (2 + -1x)) = ((6x + -5x) + (-4))|(3x + (2 + -1x)) = (((6 + (-5)) * x) + (-4))|(3x + (2 + -1x)) = ((((-5) + 6) * x) + (-4))|(3x + (-1x + 2)) = ((((-5) + 6) * x) + (-4))|((3x + (-1x + 2)) - 2) = (((((-5) + 6) * x) + (-4)) - 2)|(3x + ((-1x + 2) - 2)) = (((((-5) + 6) * x) + (-4)) - 2)|(3x + -1x) = (((((-5) + 6) * x) + (-4)) - 2)|((3 + (-1)) * x) = (((((-5) + 6) * x) + (-4)) - 2)|2x = (((((-5) + 6) * x) + (-4)) - 2)|2x = ((1x + (-4)) - 2)|2x = (1x + ((-4) - 2))|1x = (((-4) - 2) + 0)|1x = (-6)|x = (-6)",35
165,207,"(-1) = (-2x - 3)
","(-1) = (-2x - 3)
|(-1) = (-2x + (-3))|(-2x + (-3)) = (-1)|-2x = 2|x = (-1)",6
166,208,"((1x + 2) - 3x) = (4x - 5x)
","((1x + 2) - 3x) = (4x - 5x)
|(4x - 5x) = ((1x + 2) - 3x)|((4 - 5) * x) = ((1x + 2) - 3x)|-1x = ((1x + 2) - 3x)|-1x = ((1x + 2) + -3x)|-1x = (-3x + (1x + 2))|2x = ((1x + 2) + 0)|2x = (1x + 2)|1x = (2 + 0)|1x = 2|x = 2",19
167,209,"(-1) = (2 + -3x)
","(-1) = (2 + -3x)
|(-1) = (-3x + 2)|(-3x + 2) = (-1)|-3x = (-3)|x = 1",6
168,210,"1x = (2 + 3x)
","1x = (2 + 3x)
|1x = (3x + 2)|-2x = (2 + 0)|-2x = 2|x = (-1)",5
169,211,"((-1) + 2x) = (3x + 4)
","((-1) + 2x) = (3x + 4)
|(2x + (-1)) = (3x + 4)|((2x + (-1)) - (-1)) = ((3x + 4) - (-1))|2x = ((3x + 4) - (-1))|2x = (3x + (4 - (-1)))|-1x = ((4 - (-1)) + 0)|-1x = 5|x = (-5)",14
170,212,"(-1x + (-2)) = (3 + 4x)
","(-1x + (-2)) = (3 + 4x)
|(-1x + (-2)) = (4x + 3)|(4x + 3) = (-1x + (-2))|((4x + 3) - 3) = ((-1x + (-2)) - 3)|4x = ((-1x + (-2)) - 3)|4x = (-1x + ((-2) - 3))|5x = (((-2) - 3) + 0)|5x = (-5)|x = (-1)",15
171,213,"(-1) = ((2x - 3) + 4x)
","(-1) = ((2x - 3) + 4x)
|((-1) + 3) = (((2x - 3) + 4x) + 3)|(((-1) + 3) - 3) = ((((2x - 3) + 4x) + 3) - 3)|(((-1) + 3) - 3) = ((((2x + (-3)) + 4x) + 3) - 3)|(((-1) + 3) - 3) = (((4x + (2x + (-3))) + 3) - 3)|(((-1) + 3) - 3) = ((((4x + 2x) + (-3)) + 3) - 3)|(((-1) + 3) - 3) = (((((4 + 2) * x) + (-3)) + 3) - 3)|(((-1) + 3) - 3) = (((6x + (-3)) + 3) - 3)|(((-1) + 3) - 3) = ((6x + ((-3) + 3)) - 3)|(((-1) + 3) - 3) = ((6x + 0) - 3)|((6x + 0) - 3) = (((-1) + 3) - 3)|((6x + 0) - 3) = (-1)|(6x + 0) = 2|6x = 2|x = [1/3]",29
172,215,"(1 + 2x) = (3x + (-4))
","(1 + 2x) = (3x + (-4))
|(2x + 1) = (3x + (-4))|((2x + 1) - 1) = ((3x + (-4)) - 1)|2x = ((3x + (-4)) - 1)|2x = (3x + ((-4) - 1))|-1x = (((-4) - 1) + 0)|-1x = (-5)|x = 5",14
173,216,"((-1x - 2) + 3x) = 4
","((-1x - 2) + 3x) = 4
|((3x + (-1x - 2)) - 2) = 2|((3x + (-1x + (-2))) - 2) = 2|(3x + ((-1x + (-2)) - 2)) = 2|(3x + (-1x + ((-2) - 2))) = 2|((3x + -1x) + ((-2) - 2)) = 2|(((3 + (-1)) * x) + ((-2) - 2)) = 2|(2x + ((-2) - 2)) = 2|(2x + (-4)) = 2|2x = 6|x = 3",19
174,217,"(1 + -2x) = (3x + (-4))
","(1 + -2x) = (3x + (-4))
|(-2x + 1) = (3x + (-4))|((-2x + 1) - 1) = ((3x + (-4)) - 1)|-2x = ((3x + (-4)) - 1)|-2x = (3x + ((-4) - 1))|-5x = (((-4) - 1) + 0)|-5x = (-5)|x = 1",14
175,218,"1 = ((-2) + 3x)
","1 = ((-2) + 3x)
|1 = (3x + (-2))|(3x + (-2)) = 1|3x = 3|x = 1",6
176,219,"(1 + 2x) = (-3)
","(1 + 2x) = (-3)
|2x = (-4)|x = (-2)",3
177,222,"((-1) - 2x) = (-3x - 4)
","((-1) - 2x) = (-3x - 4)
|((-1) + -2x) = (-3x - 4)|(-2x + (-1)) = (-3x - 4)|((-2x + (-1)) - (-1)) = ((-3x - 4) - (-1))|-2x = ((-3x - 4) - (-1))|-2x = ((-3x + (-4)) - (-1))|-2x = (-3x + ((-4) - (-1)))|1x = (((-4) - (-1)) + 0)|1x = (-3)|x = (-3)",16
178,224,"(1x + 2) = 3
","(1x + 2) = 3
|x = 1",2
179,226,"1 = (2 + -3x)
","1 = (2 + -3x)
|1 = (-3x + 2)|(-3x + 2) = 1|-3x = (-1)|x = [1/3]",7
180,227,"((-1) - 2x) = ((-3) - 4x)
","((-1) - 2x) = ((-3) - 4x)
|((-1) - 2x) = ((-3) + -4x)|((-1) + -2x) = ((-3) + -4x)|(-2x + (-1)) = ((-3) + -4x)|((-2x + (-1)) - (-1)) = (((-3) + -4x) - (-1))|-2x = (((-3) + -4x) - (-1))|-2x = ((-4x + (-3)) - (-1))|-2x = (-4x + ((-3) - (-1)))|2x = (((-3) - (-1)) + 0)|2x = (-2)|x = (-1)",17
181,228,"(-1x + (-2)) = (3x + (-4))
","(-1x + (-2)) = (3x + (-4))
|((-1x + (-2)) - (-2)) = ((3x + (-4)) - (-2))|-1x = ((3x + (-4)) - (-2))|-1x = (3x + ((-4) - (-2)))|-4x = (((-4) - (-2)) + 0)|-4x = (-2)|x = [1/2]",14
182,229,"(-1) = (-2x + 3x)
","(-1) = (-2x + 3x)
|(-1) = (((-2) + 3) * x)|(((-2) + 3) * x) = (-1)|1x = (-1)|x = (-1)",11
183,230,"(1 + ((-2) / x)) = 3
","(1 + ((-2) / x)) = 3
|((-2) / x) = 2|(((-2) / x) * (-2)) = (2 * (-2))|((-2) * ((-2) / x)) = (2 * (-2))|(((-2) * ((-2) / x)) * (-2)) = ((2 * (-2)) * (-2))|((-2) * ((-2) * ((-2) / x))) = ((2 * (-2)) * (-2))|(((-2) * (-2)) * ((-2) / x)) = ((2 * (-2)) * (-2))|((((-2) * (-2)) * (-2)) / x) = ((2 * (-2)) * (-2))|((((-2) * (-2)) * (-2)) / x) = (((-2) * 2) * (-2))|(((-2) * ((-2) * (-2))) / x) = (((-2) * 2) * (-2))|(((-2) * 2) * (-2)) = (((-2) * ((-2) * (-2))) / x)|((-2) * ((-2) * 2)) = (((-2) * ((-2) * (-2))) / x)|((-2) * ((-2) * 2)) = ((((-2) * (-2)) * (-2)) / x)|((-2) * (-4)) = ((((-2) * (-2)) * (-2)) / x)|((-2) * (-4)) = (((-2) * (-2)) * ((-2) / x))|(((-2) * (-4)) * x) = ((((-2) * (-2)) * ((-2) / x)) * x)|(((-2) * (-4)) * x) = (x * (((-2) * (-2)) * ((-2) / x)))|(((-2) * (-4)) * x) = (x * ((((-2) * (-2)) * (-2)) / x))|(((-2) * (-4)) * x) = ((x * (((-2) * (-2)) * (-2))) / x)|(((-2) * (-4)) * x) = (((((-2) * (-2)) * (-2)) * x) / x)|(((-2) * (-4)) * x) = ((((-2) * (-2)) * (-2)) * (x / x))|(((-2) * (-4)) * x) = ((((-2) * (-2)) * (-2)) * 1)|8x = ((((-2) * (-2)) * (-2)) * 1)|8x = ((-8) * 1)|8x = (-8)|x = (-1)",49
184,231,"-1x = ((2x - 3) - 4)
","-1x = ((2x - 3) - 4)
|-1x = ((2x + (-3)) - 4)|-1x = (2x + ((-3) - 4))|-3x = (((-3) - 4) + 0)|-3x = (-7)|x = [7/3]",9
185,232,"((-1) + 2x) = (-3x - 4)
","((-1) + 2x) = (-3x - 4)
|(2x + (-1)) = (-3x - 4)|((2x + (-1)) - (-1)) = ((-3x - 4) - (-1))|((2x + (-1)) - (-1)) = ((-3x + (-4)) - (-1))|2x = ((-3x + (-4)) - (-1))|2x = (-3x + ((-4) - (-1)))|5x = (((-4) - (-1)) + 0)|5x = (-3)|x = ([-3/5])",16
186,233,"(-1x + (-2)) = (3 + -4x)
","(-1x + (-2)) = (3 + -4x)
|(-1x + (-2)) = (-4x + 3)|((-1x + (-2)) - (-2)) = ((-4x + 3) - (-2))|-1x = ((-4x + 3) - (-2))|-1x = (-4x + (3 - (-2)))|3x = ((3 - (-2)) + 0)|3x = 5|x = [5/3]",15
187,234,"(-1) = (((-2) - 3x) + 4x)
","(-1) = (((-2) - 3x) + 4x)
|((-1) - (-2)) = ((((-2) - 3x) + 4x) - (-2))|((-1) - (-2)) = ((((-2) + -3x) + 4x) - (-2))|1 = ((((-2) + -3x) + 4x) - (-2))|1 = ((4x + ((-2) + -3x)) - (-2))|1 = ((4x + (-3x + (-2))) - (-2))|1 = (((4x + -3x) + (-2)) - (-2))|1 = (4x + -3x)|1 = ((4 + (-3)) * x)|((4 + (-3)) * x) = 1|1x = 1|x = 1",25
188,235,"(-1) = 2x
","(-1) = 2x
|2x = (-1)|x = ([-1/2])",3
189,236,"(-1) = -2x
","(-1) = -2x
|-2x = (-1)|x = [1/2]",3
190,237,"-1x = (((-2) + -3x) - 4)
","-1x = (((-2) + -3x) - 4)
|-1x = ((-3x + (-2)) - 4)|-1x = (-3x + ((-2) - 4))|2x = (((-2) - 4) + 0)|2x = (-6)|x = (-3)",8
191,240,"((1 + 2x) + 3x) = 4
","((1 + 2x) + 3x) = 4
|(3x + (1 + 2x)) = 4|(3x + (2x + 1)) = 4|4 = (3x + (2x + 1))|4 = ((3x + 2x) + 1)|4 = (((3 + 2) * x) + 1)|4 = (5x + 1)|(5x + 1) = 4|5x = 3|x = [3/5]",19
192,241,"(1 + 2x) = ((-3) + -4x)
","(1 + 2x) = ((-3) + -4x)
|(2x + 1) = ((-3) + -4x)|((2x + 1) - 1) = (((-3) + -4x) - 1)|((2x + 1) - 1) = ((-4x + (-3)) - 1)|2x = ((-4x + (-3)) - 1)|2x = (-4x + ((-3) - 1))|6x = (((-3) - 1) + 0)|6x = (-4)|x = ([-2/3])",16
193,242,"1x = (-2x + 3)
","1x = (-2x + 3)
|3x = (3 + 0)|3x = 3|x = 1",4
194,243,"(1x + 2) = (3 + -4x)
","(1x + 2) = (3 + -4x)
|(1x + 2) = (-4x + 3)|((1x + 2) - 2) = ((-4x + 3) - 2)|1x = ((-4x + 3) - 2)|1x = (-4x + (3 - 2))|5x = ((3 - 2) + 0)|5x = 1|x = [1/5]",15
195,244,"(1 / (-2)) = x
","(1 / (-2)) = x
|x = (1 / (-2))|x = ([-1/2])",3
196,245,"(-1x + 2) = (-3x + (-4))
","(-1x + 2) = (-3x + (-4))
|((-1x + 2) - 2) = ((-3x + (-4)) - 2)|-1x = ((-3x + (-4)) - 2)|-1x = (-3x + ((-4) - 2))|2x = (((-4) - 2) + 0)|2x = (-6)|x = (-3)",13
197,247,"(-1x - 2x) = ((-3) + 4)
","(-1x - 2x) = ((-3) + 4)
|(((-1) - 2) * x) = ((-3) + 4)|-3x = ((-3) + 4)|-3x = 1|x = ([-1/3])",10
198,248,"((-1x + 2) + 3) = -4x
","((-1x + 2) + 3) = -4x
|-4x = ((-1x + 2) + 3)|-4x = (-1x + (2 + 3))|-3x = ((2 + 3) + 0)|-3x = 5|x = ([-5/3])",12
199,249,"(1 + -2x) = (3 + -4x)
","(1 + -2x) = (3 + -4x)
|(1 + -2x) = (-4x + 3)|(-2x + 1) = (-4x + 3)|((-2x + 1) - 1) = ((-4x + 3) - 1)|-2x = ((-4x + 3) - 1)|-2x = (-4x + (3 - 1))|2x = ((3 - 1) + 0)|2x = 2|x = 1",15
200,250,"-1x = ((-2) + 3x)
","-1x = ((-2) + 3x)
|-1x = (3x + (-2))|-4x = ((-2) + 0)|-4x = (-2)|x = [1/2]",6
201,251,"((-1) + 2x) = (3 + -4x)
","((-1) + 2x) = (3 + -4x)
|(2x + (-1)) = (3 + -4x)|(2x + (-1)) = (-4x + 3)|((2x + (-1)) - (-1)) = ((-4x + 3) - (-1))|2x = ((-4x + 3) - (-1))|2x = (-4x + (3 - (-1)))|6x = ((3 - (-1)) + 0)|6x = 4|x = [2/3]",16
202,252,"(1x + (-2)) = (3x + 4)
","(1x + (-2)) = (3x + 4)
|((1x + (-2)) - (-2)) = ((3x + 4) - (-2))|1x = ((3x + 4) - (-2))|1x = (3x + (4 - (-2)))|-2x = ((4 - (-2)) + 0)|-2x = 6|x = (-3)",13
203,253,"-1x = 2
","-1x = 2
|x = (-2)",1
204,254,"(-1x + (-2)) = (-3x + 4)
","(-1x + (-2)) = (-3x + 4)
|((-1x + (-2)) - (-2)) = ((-3x + 4) - (-2))|-1x = ((-3x + 4) - (-2))|-1x = (-3x + (4 - (-2)))|2x = ((4 - (-2)) + 0)|2x = 6|x = 3",13
205,255,"((-1) / (-2)) = x
","((-1) / (-2)) = x
|x = ((-1) / (-2))|x = [1/2]",3
206,257,"((-1) + -2x) = 3
","((-1) + -2x) = 3
|-2x = 4|x = (-2)",3
207,258,"((-1) - 2) = ((-3x + 4) - 5)
","((-1) - 2) = ((-3x + 4) - 5)
|((-3x + 4) - 5) = ((-1) - 2)|((-3x + 4) - 5) = (-3)|(-3x + 4) = 2|-3x = (-2)|x = [2/3]",10
208,259,"(-1x - 2) = 3x
","(-1x - 2) = 3x
|3x = (-1x - 2)|3x = (-1x + (-2))|4x = ((-2) + 0)|4x = (-2)|x = ([-1/2])",8
209,261,"1x = ((-2) - 3)
","1x = ((-2) - 3)
|1x = (-5)|x = (-5)",3
210,262,"(1x - 2) = (3x - 4)
","(1x - 2) = (3x - 4)
|(1x + (-2)) = (3x - 4)|((1x + (-2)) - (-2)) = ((3x - 4) - (-2))|1x = ((3x - 4) - (-2))|1x = ((3x + (-4)) - (-2))|1x = (3x + ((-4) - (-2)))|-2x = (((-4) - (-2)) + 0)|-2x = (-2)|x = 1",15
211,263,"(-1x + 2x) = ((-3) - 4)
","(-1x + 2x) = ((-3) - 4)
|(((-1) + 2) * x) = ((-3) - 4)|1x = ((-3) - 4)|1x = (-7)|x = (-7)",9
212,264,"(-1) = (2x + (-3))
","(-1) = (2x + (-3))
|(2x + (-3)) = (-1)|2x = 2|x = 1",5
213,265,"(1x - 2) = (-3)
","(1x - 2) = (-3)
|1x = (-1)|x = (-1)",3
214,266,"(1x + (-2)) = 3
","(1x + (-2)) = 3
|x = 5",2
215,267,"(((-1) - 2x) - 3) = 4x
","(((-1) - 2x) - 3) = 4x
|4x = (((-1) - 2x) - 3)|4x = (((-1) + -2x) - 3)|4x = ((-2x + (-1)) - 3)|4x = (-2x + ((-1) - 3))|6x = (((-1) - 3) + 0)|6x = (-4)|x = ([-2/3])",14
216,268,"(((1 / x) * x) + 2x) = 3x
","(((1 / x) * x) + 2x) = 3x
|3x = (((1 / x) * x) + 2x)|3x = (((1 / x) + 2) * x)|3x = (x * ((1 / x) + 2))|(3x + 1) = ((x * ((1 / x) + 2)) + 1)|((3x + 1) - 1) = (((x * ((1 / x) + 2)) + 1) - 1)|3x = (((x * ((1 / x) + 2)) + 1) - 1)|(3x * 1) = ((((x * ((1 / x) + 2)) + 1) - 1) * 1)|3x = ((((x * ((1 / x) + 2)) + 1) - 1) * 1)|3x = (1 * (((x * ((1 / x) + 2)) + 1) - 1))|(x * 3) = (1 * (((x * ((1 / x) + 2)) + 1) - 1))|(x * 3) = (1 * (((((1 / x) + 2) * x) + 1) - 1))|(x * 3) = ((((((1 / x) + 2) * x) + 1) - 1) * 1)|(x * 3) = ((((1 / x) + 2) * x) * 1)|3x = ((((1 / x) + 2) * x) * 1)|3x = (1 * (((1 / x) + 2) * x))|3x = (1 * ((2 + (1 / x)) * x))|3x = (1 * (2x + ((1 / x) * x)))|3x = (1 * (2x + (x * (1 / x))))|3x = (1 * (2x + ((x * 1) / x)))|3x = (1 * (2x + (1x / x)))|3x = (1 * (2x + (1 * (x / x))))|3x = (1 * (2x + (1 * 1)))|3x = (2x + (1 * 1))|1x = ((1 * 1) + 0)|1x = 1|x = 1",71
217,269,"(((-1) - 2x) + 3x) = 4
","(((-1) - 2x) + 3x) = 4
|(3x + ((-1) - 2x)) = 4|(3x + ((-1) + -2x)) = 4|(3x + (-2x + (-1))) = 4|((3x + -2x) + (-1)) = 4|(((3 + (-2)) * x) + (-1)) = 4|(1x + (-1)) = 4|x = 5",14
218,270,"(-1x + 2) = ((-3) - 4x)
","(-1x + 2) = ((-3) - 4x)
|((-1x + 2) - 2) = (((-3) - 4x) - 2)|-1x = (((-3) - 4x) - 2)|-1x = (((-3) + -4x) - 2)|-1x = ((-4x + (-3)) - 2)|-1x = (-4x + ((-3) - 2))|3x = (((-3) - 2) + 0)|3x = (-5)|x = ([-5/3])",16
219,271,"x = ((-1) / (-2))
","x = ((-1) / (-2))
|x = [1/2]",1
220,272,"(1x + (-2)) = (-3)
","(1x + (-2)) = (-3)
|x = (-1)",2
221,273,"x = ((-1) / 2)
","x = ((-1) / 2)
|x = ([-1/2])",1
222,275,"((-1x - 2) - 3x) = 4
","((-1x - 2) - 3x) = 4
|((-1x - 3x) - 2) = 4|(-1x - 3x) = 6|(((-1) - 3) * x) = 6|-4x = 6|x = ([-3/2])",11
223,276,"1x = (2x - 3)
","1x = (2x - 3)
|1x = (2x + (-3))|-1x = ((-3) + 0)|-1x = (-3)|x = 3",5
224,277,"((-1x - 1x) + 2) = (-3)
","((-1x - 1x) + 2) = (-3)
|((((-1) - 1) * x) + 2) = (-3)|(((-1) - 1) * x) = (-5)|-2x = (-5)|x = [5/2]",10
225,278,"(1x - -2x) = ((-3x + 4) - -5x)
","(1x - -2x) = ((-3x + 4) - -5x)
|((1 - (-2)) * x) = ((-3x + 4) - -5x)|((1 - (-2)) * x) = ((-3x + 4) + 5x)|3x = ((-3x + 4) + 5x)|3x = (5x + (-3x + 4))|-2x = ((-3x + 4) + 0)|-2x = (-3x + 4)|1x = (4 + 0)|1x = 4|x = 4",17
226,279,"1x = ((2x - 3) - 4)
","1x = ((2x - 3) - 4)
|1x = ((2x + (-3)) - 4)|1x = (2x + ((-3) - 4))|-1x = (((-3) - 4) + 0)|-1x = (-7)|x = 7",8
227,280,"(1 - 2x) = (3x - 4)
","(1 - 2x) = (3x - 4)
|(1 + -2x) = (3x - 4)|(-2x + 1) = (3x - 4)|((-2x + 1) - 1) = ((3x - 4) - 1)|((-2x + 1) - 1) = ((3x + (-4)) - 1)|-2x = ((3x + (-4)) - 1)|-2x = (3x + ((-4) - 1))|-5x = (((-4) - 1) + 0)|-5x = (-5)|x = 1",16
228,281,"-1x = ((2 - 3x) + 4)
","-1x = ((2 - 3x) + 4)
|-1x = ((2 + -3x) + 4)|-1x = ((-3x + 2) + 4)|-1x = (-3x + (2 + 4))|2x = ((2 + 4) + 0)|2x = 6|x = 3",9
229,282,"((-1) + 2x) = (-3x + 4)
","((-1) + 2x) = (-3x + 4)
|(2x + (-1)) = (-3x + 4)|((2x + (-1)) - (-1)) = ((-3x + 4) - (-1))|2x = ((-3x + 4) - (-1))|2x = (-3x + (4 - (-1)))|5x = ((4 - (-1)) + 0)|5x = 5|x = 1",14
230,283,x = (1 / 2),x = (1 / 2)|x = [1/2],1
